{"plank_lwh":{"length":0.02533257472711812,"height":0.019342781865816384,"width":0.026781457685293504},"occluder_lwh":{"length":0.1915844997576239,"height":0.562484909439429,"width":0.00030007683364805616},"is_ball":false,"force":0.03313003797520897,"occluder_pos":0.054044564467282986}